ID,lat,lon
2733.03,40.63373,-74.01641517
2782.02,40.63593584,-74.01983481
2821.05,40.63589881,-74.0127161
2832.03,40.63713282,-74.02202989
2861.02,40.63908458,-74.00997913
2872.02,40.63766156,-74.01780652
2883.03,40.63831374,-74.02465311
2912.08,40.63821125,-74.01380881
2923.01,40.64014998,-74.01939517
2932.03,40.63962395,-74.02672222
2951.05,40.63962071,-74.00885722
2961.05,40.64094661,-74.01539083
2971.02,40.63998523,-74.02325612
3000.08,40.64122474,-74.01093557
3007.05,40.64212733,-73.98108647
3011.03,40.64155304,-74.01737547
3019.02,40.64069253,-74.02498239
3019.03,40.64271241,-74.02507766
3038.08,40.64277503,-74.00583309
3046.03,40.6438243,-73.97744946
3050.03,40.64241756,-74.01334705
3056.05,40.64388476,-73.98635256
3084.05,40.64283769,-74.00936118
3090.06,40.64304122,-73.9790798
3093.07,40.64289269,-74.01669922
3117.05,40.64540533,-74.00359515
3125.09,40.64480911,-73.9745238
3129.08,40.64393717,-74.01157714
3135.04,40.64435634,-73.984273
3138.09,40.64546824,-74.02110023
3161.02,40.64641143,-74.00557688
3166.03,40.64532375,-73.97960591
3169.07,40.64503999,-74.01442995
3178.02,40.64654352,-74.02278079
3192.05,40.64768114,-74.0007525
3199.01,40.64776546,-73.97372158
3202.06,40.64683341,-74.00916149
3208.07,40.64609915,-73.98088073
3211.06,40.64790879,-74.01855398
3220.01,40.64663628,-74.02590186
3230.01,40.64875159,-73.97051246
3233.06,40.64729239,-74.00441354
3240.15,40.64923605,-73.97679877
3243.02,40.649992,-74.01205642
3253.01,40.6495016,-74.0199575
3266.01,40.64876674,-73.99996749
3272.01,40.64904894,-73.97231061
3275.03,40.64923492,-74.00940717
3280.04,40.64842948,-73.97928725
3283.05,40.65068297,-74.01491503
3294.03,40.6500507,-73.96001045
3303.03,40.65014992,-73.96786615
3306.03,40.6503925,-74.00496756
3312.07,40.65176214,-73.97596829
3315.05,40.65119363,-74.01141503
3344.02,40.65181713,-73.97222248
3347.03,40.65151437,-74.00715344
3353.04,40.65087097,-73.97767955
3356.07,40.65230893,-74.01346598
3359.03,40.65374518,-73.94986279
3368.04,40.652967,-73.95630119
3376.02,40.65212193,-73.96527529
3376.04,40.65326853,-73.96645707
3379.03,40.65263221,-74.00238278
3382.04,40.6533,-73.93644
3385.06,40.65284039,-73.97253241
3388.02,40.65283176,-74.00889913
3394.03,40.65167382,-73.98123508
3400.04,40.65429039,-73.95307023
3420.01,40.6544746,-74.00400656
3426.02,40.65378432,-73.97623268
3428.04,40.65286379,-74.01292412
3439.03,40.65549367,-73.9564711
3448.02,40.65543562,-73.96211805
3451.01,40.6543902,-74.00104312
3454.01,40.65632864,-73.9364781
3457.03,40.65512829,-73.97326753
3460.01,40.6573972,-74.00856738
3460.02,40.65594996,-74.00660359
3460.04,40.6563254,-74.00963446
3460.05,40.65590568,-74.00990459
3463.01,40.65576934,-73.94318007
3472.03,40.65576821,-73.949935
3480.04,40.65592238,-73.95971257
3486.02,40.657083,-73.93128347
3492.04,40.65543541,-74.00289642
3495.08,40.65495816,-73.93764825
3498.09,40.65737127,-73.97418091
3504.02,40.65807395,-73.94740867
3507.04,40.65684713,-73.98372714
3512.03,40.65720657,-73.95345735
3515.01,40.65823646,-73.98959575
3520.01,40.65822516,-73.96061242
3523.06,40.65733119,-73.99815134
3526.06,40.65807363,-73.93417295
3532.02,40.65929973,-74.00632868
3535.02,40.65801609,-73.9396559
3538.09,40.6568037,-73.97736407
3544.02,40.65730075,-73.9500103
3547.04,40.65857503,-73.98550649
3552.09,40.65816819,-73.95665033
3555.04,40.65970733,-73.99490702
3564.04,40.65796241,-74.00102288
3567.05,40.66101775,-73.93640057
3579.04,40.6598219,-73.9801054
3585.06,40.65959416,-73.95052617
3588.01,40.65944344,-73.9884556
3593.01,40.66063174,-73.96043709
3593.1,40.66136549,-73.96096369
3596.04,40.66039152,-73.99849636
3599.01,40.66156981,-73.9316607
3608.06,40.66164172,-73.93977161
3611.02,40.66022419,-73.977478
3617.02,40.66119172,-73.94806146
3620.02,40.66135853,-73.98304929
3625.04,40.66069411,-73.95684941
3625.07,40.6615945,-73.95366454
3628.11,40.66045069,-73.99090104
3633.08,40.66059779,-73.96263016
3639.04,40.66196815,-73.93456277
3648.06,40.66077737,-73.94239782
3651.04,40.66127698,-73.97937817
3657.06,40.66335075,-73.95073672
3660.07,40.66122388,-73.98673221
3665.06,40.66281823,-73.95692693
3668.04,40.66281751,-73.99542074
3680.04,40.66236516,-73.93781689
3696.05,40.6631038,-73.95391755
3699.07,40.66373687,-73.99084184
3704.01,40.66335785,-73.9606658
3704.04,40.66379684,-73.96302211
3707.01,40.663402,-73.99819298
3710.07,40.6637004,-73.93493504
3722.04,40.66532649,-73.97634612
3728.04,40.66423787,-73.94767065
3731.11,40.66397193,-73.9839437
3736.03,40.66588349,-73.95702532
3736.04,40.66424232,-73.95750582
3739.06,40.66576756,-73.99297652
3742.11,40.66666564,-73.92883057
3759.07,40.6648811,-73.94268361
3762.08,40.66644807,-73.9819338
3768.02,40.66660662,-73.95359457
3771.06,40.66649356,-73.9889294
3776.05,40.6666716,-73.96065374
3779.02,40.6662968,-73.9953558
3782.03,40.66624395,-73.93189599
3791.02,40.66682467,-73.93980263
3800.07,40.66530484,-73.94820878
3803.05,40.66666288,-73.98539478
3803.09,40.66828106,-73.98372769
3811.05,40.66626171,-73.9924674
3814.01,40.66621271,-73.92619646
3822.08,40.66737802,-73.93408748
3831.03,40.66707835,-73.9426791
3834.1,40.66880626,-73.97984395
3839.02,40.66824356,-73.95056146
3842.08,40.66882086,-73.98697875
3845.05,40.66860627,-73.92304002
3847.04,40.66841608,-73.95885665
3850.03,40.66880532,-73.99321123
3853.02,40.66875015,-73.92836314
3856.03,40.66882658,-73.96642616
3862.07,40.66929601,-73.93683212
3865.05,40.66830338,-73.97358455
3871.02,40.66954937,-73.94515364
3874.01,40.67063928,-73.982052
3879.04,40.66940115,-73.95541407
3882.01,40.66889752,-73.99033509
3882.05,40.6699333,-73.98890123
3885.06,40.67167995,-73.92622531
3887.03,40.66874502,-73.9617888
3893.03,40.66894042,-73.93392229
3902.06,40.66967676,-73.94250399
3905.15,40.67059117,-73.97827544
3911.05,40.66988377,-73.95033431
3914.02,40.67065614,-73.98539375
3917.03,40.67105244,-73.92021729
3919.07,40.67091242,-73.95770484
3922.02,40.6720582,-73.9934119
3925.03,40.67129341,-73.92825597
3928.08,40.67183386,-73.96318388
3931.09,40.67154103,-74.00126597
3934.06,40.6717763,-73.93398774
3934.07,40.67276352,-73.93665107
3940.04,40.67303489,-74.00868563
3943.03,40.67141952,-73.94250471
3946.07,40.67285244,-73.97977857
3950.03,40.6718071,-73.91467262
3952.07,40.67096645,-73.95077145
3958.02,40.670957,-73.92220622
3960.01,40.67241954,-73.96089643
3966.01,40.67077337,-73.93084729
3966.03,40.6725833,-73.93127176
3972.08,40.67273623,-74.00488
3975.02,40.67407983,-73.93941757
3978.13,40.67132028,-73.97483475
3981.1,40.67369162,-74.0118793
3984.02,40.67271787,-73.94771492
3987.06,40.67298727,-73.98347221
3991.04,40.67268797,-73.92002077
3993.03,40.6729619,-73.9542088
3996.01,40.67281317,-73.98970083
3999.06,40.67202674,-73.92541109
4001.09,40.67387253,-73.96324624
4007.01,40.6736714,-73.93382568
4010.01,40.67324048,-73.96913016
4010.13,40.67516232,-73.97115765
4010.15,40.67317659,-73.97082012
4013.08,40.67478943,-74.00751135
4014.01,40.67522343,-73.90609098
4016.03,40.67327556,-73.94199319
4019.06,40.67416202,-73.9787051
4023.01,40.67318467,-73.91429315
4023.05,40.6761185,-73.91446505
4025.02,40.67455779,-73.95046229
4028.03,40.67512602,-73.98773987
4028.04,40.67393512,-73.9856274
4031.05,40.67387546,-73.92216805
4033.06,40.67444099,-73.95658055
4039.04,40.67410298,-73.92787564
4042.08,40.67421803,-73.96712605
4045.01,40.67450409,-74.00191038
4048.03,40.67529834,-73.9360236
4051.01,40.67534426,-73.97519542
4054.02,40.67532144,-74.0100361
4055.04,40.67437882,-73.90884351
4057.04,40.67427299,-73.94451201
4060.09,40.67536697,-73.98149375
4064.03,40.67428333,-73.91670916
4066.15,40.67654591,-73.95297867
4072.02,40.67478976,-73.92534916
4074.14,40.67656267,-73.959492
4077.04,40.67482603,-73.99769745
4077.07,40.67656053,-73.9985805
4080.01,40.67687421,-73.93335402
4086.05,40.67719902,-74.0061658
4086.06,40.6766235,-74.00304217
4087.01,40.67618873,-73.90349183
4089.01,40.6758815,-73.94169021
4095.03,40.6776401,-74.01251876
4095.1,40.67614155,-74.01450763
4096.08,40.67485544,-73.91124866
4098.06,40.67534041,-73.94734423
4101.17,40.67692005,-73.98320243
4105.01,40.67673976,-73.92224691
4107.05,40.67597787,-73.95620956
4107.13,40.67774904,-73.95568142
4110.1,40.67797771,-73.99350013
4113.01,40.67660251,-73.92763226
4116.08,40.67718868,-73.96585668
4119.04,40.67846955,-74.00001942
4120.02,40.6771039,-73.9008281
4122.03,40.67687073,-73.93611187
4124.04,40.680631,-73.94783406
4125.07,40.67779234,-73.97323284
4128.08,40.67830948,-74.00925682
4129.1,40.67737824,-73.9082914
4131.03,40.67685896,-73.94447671
4134.06,40.6766791,-73.97843458
4137.1,40.67738961,-74.01553002
4137.14,40.67844807,-74.01686375
4138.04,40.67869469,-73.91383918
4140.03,40.67774143,-73.94973026
4143.04,40.67718654,-73.98651421
4146.02,40.67741514,-73.92391074
4148.07,40.67938463,-73.9588922
4151.01,40.67882394,-73.99591562
4154.02,40.67668987,-73.9305896
4157.1,40.67960291,-73.96804239
4161.01,40.67867115,-73.90410801
4166.08,40.67937,-73.97519847
4169.04,40.67924031,-74.0110084
4170.08,40.67901203,-73.91114015
4172.04,40.6796615,-73.94720876
4175.14,40.67940865,-73.98151317
4175.15,40.6773576,-73.98273752
4179.03,40.67898345,-73.91645968
4181.1,40.68017671,-73.9536972
4184.07,40.67876759,-73.99031951
4187.04,40.67922991,-73.92589067
4190.06,40.67819939,-73.96244841
4193.14,40.68107488,-73.99901073
4196.01,40.67972803,-73.93466229
4196.05,40.68012609,-73.93168074
4199.07,40.68016378,-73.97111735
4199.13,40.67926391,-73.97176331
4202.04,40.67963478,-74.0075762
4203.04,40.67961484,-73.90499723
4205.06,40.67900535,-73.94153007
4208.01,40.67905265,-73.97848082
4212.01,40.68018896,-73.91139128
4214.03,40.68111649,-73.95007497
4217.02,40.68031527,-73.9842916
4217.06,40.67980791,-73.98467677
4220.02,40.67931292,-73.92195046
4222.02,40.6805718,-73.95589283
4225.14,40.68080979,-73.99466884
4228.02,40.67958666,-73.93008985
4228.06,40.68047244,-73.92852546
4231.04,40.68057749,-73.96469747
4237.01,40.68159337,-73.93494465
4237.02,40.68021686,-73.93855114
4243.01,40.68130071,-74.00860609
4244.06,40.68133279,-73.90771823
4246.02,40.68125158,-73.94625044
4249.1,40.68189493,-73.97986423
4253.02,40.68157277,-73.91430199
4255.05,40.68224414,-73.95404496
4258.07,40.6821435,-73.99071984
4261.03,40.68147953,-73.92562288
4263.12,40.68200889,-73.95949171
4266.03,40.6832031,-73.99775948
4278.03,40.68286253,-73.93818949
4281.08,40.68105787,-73.97574094
4285.09,40.68335866,-73.91189003
4290.06,40.68280886,-73.98255994
4293.05,40.68187378,-73.91982957
4298.05,40.68304303,-73.99315126
4301.04,40.68401834,-73.92631367
4301.07,40.68315701,-73.92950027
4307.13,40.68301569,-73.99977767
4310.06,40.68290591,-73.93490842
4317.05,40.68289534,-73.90628764
4319.07,40.68246638,-73.94422009
4322.06,40.68265921,-73.97985839
4325.03,40.68495537,-73.91498015
4327.09,40.68423264,-73.94986035
4330.09,40.68439523,-73.98897788
4334.02,40.68501807,-73.92300878
4336.01,40.68470273,-73.9588653
4339.01,40.68504342,-73.99434377
4342.04,40.68493302,-73.92935645
4345.11,40.68336719,-73.96608015
4348.07,40.68323806,-74.0033336
4354.05,40.68558189,-73.97425138
4354.07,40.68399571,-73.9763383
4357.01,40.68476477,-73.9094072
4362.04,40.68544719,-73.98295902
4366.01,40.68585056,-73.91597698
4366.1,40.68334853,-73.9172178
4368.05,40.68526789,-73.95386373
4371.01,40.68561076,-73.99114436
4374.01,40.68512656,-74.02535249
4375.02,40.68642389,-73.92659134
4377.04,40.6850869,-73.96310744
4380.08,40.68490445,-73.9990046
4383.06,40.68464774,-73.93232687
4386.05,40.6843404,-73.96923604
4392.04,40.68529889,-73.94118131
4395.07,40.68519276,-73.97784107
4399.03,40.68656732,-73.91366953
4404.1,40.68498348,-73.9862187
4408.07,40.68460149,-73.92021597
4413.08,40.68654333,-73.99373097
4416.1,40.68723953,-73.93033963
4419.03,40.68662873,-73.96562572
4422.04,40.68605611,-74.00232162
4422.05,40.68776945,-74.0015475
4425.02,40.68645249,-73.93589243
4428.02,40.68785132,-73.97274149
4432.1,40.68884587,-73.908429
4434.06,40.6864198,-73.94487573
4437.01,40.68694204,-73.97964434
4437.09,40.68747726,-73.98171421
4440.02,40.68706616,-74.01675489
4441.06,40.68674214,-73.91704098
4446.01,40.68690315,-73.99061601
4446.03,40.68796532,-73.98936567
4446.05,40.6865002,-73.98757771
4450.06,40.68742982,-73.92370805
4452.01,40.68908998,-73.96031231
4452.03,40.68688712,-73.95939379
4455.1,40.68835796,-73.99541337
4455.11,40.68630221,-73.99639442
4458.06,40.68861156,-73.93332704
4461.01,40.68771163,-73.96967453
4461.04,40.68947828,-73.96884503
4467.03,40.68686492,-73.93923262
4470.09,40.68707576,-73.97669939
4474.01,40.68866908,-73.91235506
4476.03,40.69019382,-73.94806486
4479.06,40.68967497,-73.98296344
4479.1,40.68881691,-73.98519597
4483.1,40.68826165,-73.91988975
4488.08,40.69033456,-73.99196322
4491.09,40.68821735,-73.92711719
4494.04,40.68863979,-73.96477558
4497.09,40.68946492,-73.99943137
4500.07,40.68982251,-73.93364508
4507.07,40.68918882,-73.9052688
4510.04,40.68958321,-73.94223136
4513.06,40.69000438,-73.98097309
4513.09,40.69015103,-73.97881018
4517.03,40.69001392,-73.91463925
4519.02,40.68847774,-73.95100162
4519.04,40.6907843,-73.95140226
4522.07,40.68924786,-73.988549
4526.01,40.69057016,-73.92376809
4528.01,40.69073833,-73.95752948
4531.05,40.69100946,-73.99601365
4543.07,40.6901264,-73.93678306
4546.04,40.68987849,-73.97491239
4546.05,40.69192308,-73.97375705
4550.05,40.68936237,-73.909795
4553.04,40.69150133,-73.94533231
4560.01,40.69139067,-73.91708311
4565.07,40.69119436,-73.99196826
4568.01,40.69223169,-73.92636299
4576.11,40.69206304,-73.93267801
4582.08,40.69056545,-73.90391615
4587.02,40.69178442,-73.97874255
4590.01,40.6923185,-74.01486513
4591.04,40.69069464,-73.9120798
4596.05,40.69229192,-73.98429116
4596.09,40.69249291,-73.98628641
4600.09,40.69157331,-73.92172243
4605.04,40.69249755,-73.99331312
4608.01,40.69359355,-73.92886871
4611.03,40.69204505,-73.96538594
4614.04,40.69177436,-73.99989657
4615.01,40.69351622,-73.90090137
4617.01,40.69251294,-73.93720226
4620.02,40.69316025,-73.97182745
4623.02,40.69321345,-73.90857281
4628.05,40.69200103,-73.98131005
4628.07,40.69360141,-73.98191528
4632.1,40.69295236,-73.91607231
4634.02,40.69337613,-73.95391005
4637.06,40.69263118,-73.9894045
4637.07,40.6950394,-73.98912555
4640.01,40.6937426,-73.92547138
4645.04,40.69408138,-73.99459997
4645.09,40.69518407,-73.99591262
4648.03,40.69385061,-73.93125319
4651.02,40.69342335,-73.96890844
4654.01,40.69540402,-73.90354894
4656.03,40.69336794,-73.93998372
4659.02,40.69335239,-73.97697986
4663.02,40.69398772,-73.90991088
4663.06,40.69555143,-73.91185516
4665.02,40.69443994,-73.94647579
4668.08,40.69478987,-73.98356839
4672.01,40.69552929,-73.91967093
4677.01,40.69606409,-73.99012591
4677.06,40.69443536,-73.99214024
4680.05,40.69523788,-73.9284926
4683.02,40.69366942,-73.96223786
4687.03,40.69592379,-73.89981822
4689.03,40.69558046,-73.93237891
4689.08,40.69478737,-73.93464524
4692.01,40.69576785,-73.97130662
4695.04,40.69476679,-73.90690146
4697.01,40.69627801,-73.94374928
4700.06,40.69626843,-73.97807187
4707.03,40.69540724,-73.94967715
4707.04,40.69537688,-73.95243463
4713.01,40.69688228,-73.92323219
4715.01,40.69460549,-73.95800625
4718.08,40.69538585,-73.99346914
4719.04,40.69726265,-73.89383643
4721.01,40.69680073,-73.92821933
4724.03,40.69613265,-73.96751448
4727.06,40.69684254,-73.90109141
4729.01,40.69686573,-73.93765002
4732.04,40.6959701,-73.97352945
4732.08,40.69785315,-73.97369134
4735.03,40.69806333,-73.90932287
4735.16,40.69742433,-73.90700951
4743.04,40.69703899,-73.91591445
4748.07,40.69635843,-73.99136828
4751.01,40.69792228,-73.92648463
4756.04,40.69852474,-73.99709306
4757.06,40.69769356,-73.89907766
4759.02,40.69765164,-73.93120428
4762.04,40.69818873,-73.96984873
4762.05,40.69807724,-73.97081948
4765.07,40.69844347,-73.90326713
4768.02,40.69885573,-73.94149901
4775.01,40.6981994,-73.91296345
4781.03,40.69771666,-73.98469378
4781.05,40.69851187,-73.98374862
4784.02,40.69864644,-73.91911424
4789.03,40.6977325,-73.99336419
4792.03,40.70011528,-73.9286049
4798.02,40.69955112,-73.89850846
4798.1,40.69876113,-73.90133282
4801.04,40.69774149,-73.93607269
4804.02,40.69990001,-73.97139068
4807.02,40.70071996,-73.90750912
4812.02,40.69849394,-73.98065408
4812.04,40.69960255,-73.97982244
4816.02,40.69944768,-73.91335994
4816.05,40.69928607,-73.91549263
4818.03,40.70038798,-73.95038315
4821.03,40.70018785,-73.98615988
4821.06,40.69992471,-73.98973003
4821.1,40.70089726,-73.98857113
4824.03,40.69937203,-73.92323598
4829.01,40.70042029,-73.99537449
4832.07,40.70118936,-73.93057776
4837.03,40.69978025,-73.902529
4840.06,40.70103935,-73.93921062
4843.01,40.70005694,-73.9744484
4846.01,40.70130641,-74.01226067
4847.03,40.6999461,-73.91193721
4850.04,40.69968008,-73.94711736
4853.06,40.70145403,-73.98467086
4856.05,40.70110318,-73.91807326
4861.05,40.70041712,-73.99154322
4862.04,40.70110555,-73.89053969
4862.07,40.69963819,-73.88934643
4864.09,40.70176513,-73.92775479
4871.02,40.70085201,-73.89951987
4873.08,40.70113199,-73.93329995
4880.11,40.7020024,-73.90669548
4883.03,40.70176879,-73.94389201
4889.06,40.7020606,-74.01380066
4890.11,40.70126212,-73.9146187
4895.03,40.70247871,-73.98680101
4895.09,40.70147565,-73.98667357
4895.15,40.70141514,-73.98760461
4898.02,40.70285846,-73.92131506
4903.08,40.7027878,-73.99379891
4903.09,40.70281605,-73.99242012
4904.03,40.70207439,-73.89315107
4906.07,40.70302343,-73.93009747
4912.1,40.7023836,-73.90179207
4914.03,40.70079953,-73.93649428
4920.13,40.70207308,-74.01070191
4921.04,40.70170624,-73.9089894
4927.04,40.70231516,-73.98248274
4931.05,40.70370037,-73.91807123
4936.21,40.70378897,-73.99064466
4939.07,40.70207886,-73.92389916
4945.06,40.70316528,-73.89558636
4947.04,40.70282482,-73.93329348
4953.04,40.70363705,-74.0066398
4954.07,40.70439801,-73.90444848
4956.02,40.70333391,-73.94074741
4962.01,40.70482198,-74.01347819
4962.02,40.70375205,-74.0131339
4962.08,40.70377923,-74.01148948
4963.13,40.7048848,-73.91079635
4965.01,40.70410306,-73.94821258
4968.03,40.70298315,-73.98466347
4971.01,40.70496151,-73.92020328
4977.03,40.70387953,-73.89150807
4979.07,40.70456021,-73.9285136
4985.09,40.70536848,-73.90071335
4987.06,40.70459688,-73.93529177
4990.02,40.70508006,-73.97080936
4993.02,40.70482269,-74.00917005
4993.13,40.70347031,-74.00779409
4993.15,40.70480836,-74.00798238
4994.1,40.70421877,-73.90816561
4996.08,40.70521347,-73.94419786
5001.08,40.70575291,-74.01673418
5002.09,40.7059631,-73.91332948
5004.02,40.70538712,-73.94989011
5010.02,40.70568188,-73.92166498
5018.06,40.70552748,-73.92997444
5021.05,40.70650231,-73.96835018
5024.1,40.70654558,-74.00546251
5025.02,40.70556151,-73.90272332
5027.02,40.70548807,-73.93958271
5033.01,40.70609337,-74.01302214
5034.03,40.70558686,-73.90980677
5036.06,40.70583126,-73.94658595
5043.06,40.70638269,-73.91976357
5045.05,40.70690248,-73.95445049
5051.01,40.70723537,-73.9239676
5051.02,40.70539494,-73.92542797
5057.07,40.70576642,-73.8969505
5057.09,40.7081428,-73.89553082
5059.02,40.70635596,-73.93403133
5065.04,40.70873008,-74.00709868
5065.1,40.70710731,-74.00724842
5065.12,40.7072662,-74.0088229
5065.14,40.70845248,-74.00488529
5066.03,40.70706256,-73.90653754
5068.02,40.70771556,-73.94030653
5073.07,40.70812782,-74.01345467
5074.08,40.70816055,-73.91117667
5076.04,40.7083914,-73.94889609
5082.08,40.70910114,-73.92162326
5084.03,40.70710788,-73.95798659
5090.06,40.70682356,-73.92878461
5093.01,40.70860096,-73.9641051
5096.12,40.70761753,-74.00103632
5097.02,40.70908109,-73.90234979
5099.02,40.71029808,-73.93746514
5099.03,40.70711085,-73.93591643
5105.01,40.70910861,-74.01033842
5106.04,40.70973921,-73.90811775
5108.01,40.70874729,-73.94490001
5114.06,40.70840524,-74.01707963
5114.08,40.70998127,-74.01642418
5115.01,40.70882443,-73.9153676
5115.05,40.70990386,-73.91756106
5117.05,40.70880935,-73.95099666
5123.07,40.70884507,-73.92599933
5125.03,40.71049662,-73.96090693
5125.07,40.70932664,-73.96063635
5128.04,40.71125243,-73.99677269
5129.01,40.70928079,-73.89443349
5134.09,40.71099117,-73.96828893
5137.1,40.7114468,-74.00553926
5137.11,40.70960388,-74.00650148
5137.13,40.71040354,-74.00425364
5138.03,40.71110751,-73.90355463
5140.06,40.70992566,-73.94013079
5145.02,40.7093186,-74.01317264
5146.03,40.71011379,-73.9114586
5148.03,40.71047243,-73.94714054
5156.05,40.70938561,-73.95615246
5159.04,40.7117554,-73.99189061
5159.07,40.70998033,-73.99158787
5160.01,40.71232969,-73.89127619
5164.05,40.71048512,-73.96535058
5167.06,40.71120934,-74.00011974
5168.04,40.71036751,-73.89971754
5170.01,40.71062073,-73.93380928
5175.08,40.71115992,-74.00932301
5176.04,40.7107586,-73.90531042
5178.06,40.71190817,-73.944157
5181.04,40.71223805,-73.97945393
5184.08,40.71150158,-74.01477346
5187.03,40.71175984,-73.95148344
5190.07,40.71279187,-73.9876854
5190.09,40.71155208,-73.9866775
5195.06,40.71076043,-73.95973853
5198.04,40.71081151,-73.99396201
5199.01,40.71213757,-73.89408062
5204.05,40.71288571,-73.96594504
5207.01,40.71274548,-74.00453933
5210.01,40.71327185,-73.93905383
5216.04,40.71296805,-74.01003163
5216.06,40.71228823,-74.01036425
5217.03,40.71300203,-73.9096802
5219.05,40.71356493,-73.94602268
5225.02,40.7124705,-73.91910334
5225.04,40.71343119,-73.9161199
5230.02,40.71334475,-73.99008079
5235.05,40.71270861,-73.96274172
5235.1,40.71267131,-73.96061417
5238.05,40.71313583,-73.99845966
5241.02,40.71432108,-73.93340785
5247.1,40.71460432,-74.00546242
5248.05,40.71366543,-73.90346758
5250.05,40.71245628,-73.94112534
5257.01,40.71449967,-73.91438309
5259.06,40.71337371,-73.94913867
5262.09,40.71316536,-73.98481574
5267.08,40.71290877,-73.95708853
5267.09,40.71475261,-73.95740073
5270.05,40.71413212,-73.99290148
5270.07,40.71578241,-73.99417162
5270.08,40.71424557,-73.99665913
5270.09,40.71314426,-73.99442427
5273.01,40.71402635,-73.92800892
5276.04,40.71477018,-73.96660688
5279.03,40.71498856,-74.00229362
5280.02,40.71433873,-73.90126738
5282.02,40.71387228,-73.93525453
5288.08,40.71336683,-74.00922305
5288.09,40.71473693,-74.00899454
5288.12,40.71495731,-74.01105301
5289.05,40.71481769,-73.9089684
5291.05,40.71516919,-73.94461118
5294.04,40.71425405,-73.98110865
5297.02,40.71538757,-74.01646921
5300.05,40.71415865,-73.95243715
5300.06,40.7161091,-73.9521161
5303.06,40.71562682,-73.98700396
5303.08,40.71432665,-73.98985664
5308.04,40.71539539,-73.96025665
5321.08,40.71710983,-73.90264017
5323.06,40.71536215,-73.93872629
5326.06,40.7178857,-73.97627795
5329.03,40.71762274,-74.01311581
5329.08,40.71505773,-74.01230138
5332.1,40.71634274,-73.94836809
5335.03,40.71628832,-73.98258156
5335.07,40.71512759,-73.98414034
5340.01,40.71699196,-73.95641646
5342.1,40.71613291,-73.99186774
5343.11,40.71737607,-73.99059156
5348.02,40.71687148,-73.9632082
5351.03,40.71609791,-73.99965516
5351.07,40.71743509,-73.99957355
5354.01,40.71665282,-73.93643584
5359.1,40.71632784,-74.00900707
5359.11,40.71760561,-74.00545935
5359.12,40.71705699,-74.0091869
5359.13,40.71696258,-74.00632245
5360.02,40.71620743,-73.90649741
5362.08,40.71778655,-73.94073261
5365.02,40.71746962,-73.98013239
5368.03,40.71768174,-74.01575509
5369.01,40.71916555,-73.91464939
5371.07,40.71782076,-73.94879864
5374.01,40.71724694,-73.98797859
5379.09,40.71904781,-73.95859682
5379.1,40.71747339,-73.95856418
5382.06,40.71888238,-73.99592017
5382.07,40.71781501,-73.99312669
5388.01,40.71647332,-73.96593836
5391.06,40.71943566,-74.00238115
5392.04,40.71806067,-73.90130775
5400.05,40.71869586,-74.00894551
5401.03,40.71801859,-73.90965922
5403.04,40.71703801,-73.94499233
5403.05,40.7193241,-73.94509511
5406.02,40.71850623,-73.98325816
5406.04,40.71932868,-73.98172999
5409.02,40.71820178,-73.91845667
5411.07,40.71923675,-73.95252678
5411.08,40.71822168,-73.95520542
5414.06,40.72023264,-73.98993746
5414.07,40.71949245,-73.99143323
5419.04,40.71836977,-73.96157673
5422.04,40.71917385,-73.99960407
5422.09,40.72031537,-73.99871667
5430.08,40.71917063,-74.00658045
5430.1,40.71984005,-74.00513943
5431.01,40.72031519,-73.90640332
5433.03,40.71906558,-73.94229222
5433.04,40.71882812,-73.93945638
5436.09,40.7208911,-73.97793908
5436.11,40.71977774,-73.97867966
5440.05,40.71930476,-73.9127789
5442.05,40.7191627,-73.94897826
5442.09,40.72080543,-73.94846898
5445.02,40.72068004,-73.98516946
5445.07,40.7208126,-73.98626377
5450.01,40.72025113,-73.95715458
5450.04,40.72081888,-73.95492556
5453.01,40.72111243,-73.99188253
5453.05,40.71899976,-73.9926154
5453.06,40.72053719,-73.99478471
5458.02,40.71983555,-73.96392454
5470.02,40.72000992,-74.00834223
5470.1,40.72134621,-74.00996551
5470.12,40.72024246,-74.01018727
5471.04,40.72097802,-73.90702704
5473.03,40.72164659,-73.94552926
5473.06,40.72120703,-73.94188737
5476.03,40.72087946,-73.98084532
5481.04,40.7217401,-73.95045698
5484.09,40.72209187,-73.98905744
5489.03,40.72038357,-73.96162808
5489.04,40.72248741,-73.95922326
5489.06,40.72050922,-73.95905131
5492.05,40.72213229,-73.99718743
5500.02,40.72174712,-74.00228637
5500.07,40.72251734,-74.00558544
5501.06,40.72164211,-73.90346374
5503.01,40.72232151,-73.93893229
5506.1,40.72370871,-73.97575938
5506.14,40.72229868,-73.97669875
5509.02,40.7223861,-74.0104819
5510.02,40.72232651,-73.90910911
5510.05,40.72235668,-73.91218695
5515.02,40.72219146,-73.98369615
5515.08,40.72336148,-73.98266624
5520.09,40.72405091,-73.95587067
5523.02,40.72232562,-73.99138411
5532.01,40.72365481,-73.99943561
5539.06,40.72197723,-74.00752354
5540.06,40.72420271,-73.9057504
5542.04,40.72325253,-73.94307058
5545.01,40.72413273,-73.97902288
5545.04,40.72306095,-73.97996118
5548.01,40.72417774,-73.91243989
5550.05,40.7231374,-73.95218698
5550.09,40.72395508,-73.94988464
5553.03,40.72472416,-73.98779618
5553.1,40.72314926,-73.98578598
5558.04,40.72281916,-73.95708584
5561.04,40.72324836,-73.99471612
5561.06,40.72461836,-73.9955997
5569.06,40.72499191,-74.00154155
5569.07,40.72324789,-74.00303031
5570.04,40.72352503,-73.89970787
5572.07,40.72524243,-73.93716326
5575.08,40.7258053,-73.9742683
5575.13,40.72506677,-73.97506431
5578.02,40.72414896,-74.00952613
5579.02,40.72432054,-73.90872344
5579.04,40.72617636,-73.90938387
5581.01,40.72555152,-73.94442363
5584.04,40.72460539,-73.98187827
5584.05,40.7251811,-73.98133043
5593.01,40.72345313,-73.9886058
5593.02,40.725095,-73.99064481
5593.04,40.72632528,-73.98973822
5602.06,40.7251874,-73.99922178
5610.09,40.72439414,-74.00464529
5611.04,40.72555762,-73.90413457
5611.05,40.72656388,-73.9032111
5613.04,40.72583597,-73.94183561
5616.01,40.72522802,-73.97770445
5616.08,40.72724332,-73.9768171
5623.03,40.72479502,-73.94758159
5626.06,40.72485496,-73.98423185
5626.07,40.72623024,-73.98379163
5626.13,40.72782884,-73.98564119
5626.15,40.72629743,-73.98616244
5633.04,40.7260564,-73.95627072
5636.11,40.72744946,-73.99374737
5636.13,40.72484558,-73.99208301
5644.05,40.72638528,-74.00036017
5653.12,40.72587802,-74.00758599
5656.03,40.72758038,-73.94409018
5659.05,40.72742316,-73.98136112
5659.11,40.72747595,-73.97950846
5666.04,40.72705213,-73.95303709
5666.11,40.72583281,-73.95087502
5669.1,40.7284326,-73.98713483
5669.12,40.72738825,-73.98834298
5676.04,40.72695231,-73.95865539
5679.05,40.72709072,-73.99652454
5679.08,40.72621862,-73.99506784
5687.04,40.7271994,-74.00287062
5687.11,40.72792049,-74.00521974
5688.02,40.7291506,-73.90129396
5696.03,40.72777581,-74.01120986
5703.13,40.72861277,-73.98170718
5709.03,40.7276126,-73.95511033
5712.03,40.72952344,-73.99071641
5712.12,40.72769155,-73.99095057
5721.01,40.7304566,-73.99901205
5721.07,40.72840516,-73.99965425
5721.14,40.7291697,-73.99805209
5730.08,40.7288209,-74.00847492
5731.03,40.73029674,-73.90419833
5736.09,40.72938794,-73.97772144
5743.02,40.72981669,-73.94844054
5746.02,40.72969707,-73.98655002
5746.14,40.72954076,-73.98426936
5752.07,40.72907422,-73.95790328
5752.09,40.72981042,-73.95909481
5755.01,40.72909335,-73.99400286
5755.09,40.7304958,-73.99570642
5755.14,40.73145025,-73.99481035
5763.03,40.73041637,-74.00208145
5769.06,40.7298635,-73.97457634
5772.05,40.73114565,-74.0086929
5779.08,40.73223174,-73.98166114
5779.09,40.72965355,-73.98064707
5779.1,40.73140607,-73.98284333
5779.11,40.73030493,-73.98047068
5785.05,40.73026747,-73.9539638
5785.1,40.73131346,-73.95172081
5788.12,40.73220394,-73.98885355
5788.13,40.73022529,-73.9909622
5788.15,40.7326435,-73.99003561
5788.16,40.73124646,-73.98842511
5794.05,40.73173433,-73.96124522
5797.01,40.7322873,-73.99845812
5805.05,40.73173451,-74.00667936
5805.07,40.73211231,-74.0035599
5820.08,40.73155499,-73.98527242
5826.02,40.73230986,-73.95511093
5838.09,40.73223194,-74.00020887
5847.01,40.73293877,-74.00704855
5847.06,40.73349968,-74.00839236
5847.08,40.73196587,-74.00870149
5851.01,40.73224665,-73.94400491
5854.09,40.73383321,-73.98050326
5854.1,40.73234755,-73.97897243
5860.02,40.73396971,-73.95203496
5863.07,40.73423005,-73.98690613
5869.04,40.73265298,-73.95827702
5872.1,40.73275709,-73.99574261
5880.02,40.73400925,-74.00284003
5881.01,40.73410052,-73.90179724
5883.06,40.734545,-73.93796839
5886.13,40.73320657,-73.97566192
5896.01,40.73431884,-73.98370204
5902.07,40.73511845,-73.95500092
5905.12,40.73454076,-73.99072823
5905.14,40.73478417,-73.9920349
5914.03,40.73536281,-73.99785829
5914.08,40.73523935,-74.0002219
5917.02,40.73567733,-73.9348088
5922.04,40.73494067,-74.00682191
5922.07,40.73537782,-74.00466043
5922.08,40.73649397,-74.00608836
5923.02,40.73575368,-73.9043763
5929.01,40.73651085,-73.97813223
5938.01,40.73625067,-73.98470528
5938.11,40.73539417,-73.98799463
5944.01,40.73557303,-73.95869533
5947.04,40.73546286,-73.99427525
5955.12,40.73593978,-74.00088327
5956.04,40.73550645,-73.90298772
5956.05,40.73709779,-73.90101535
5964.01,40.73618199,-74.00852497
5971.08,40.73587493,-73.98201105
5971.09,40.73718947,-73.9812065
5977.01,40.73553249,-73.95281066
5980.07,40.73702682,-73.99002684
5983.04,40.73789557,-73.92307825
5989.02,40.73806744,-73.99641034
5992.02,40.73760577,-73.93034419
5997.1,40.73750566,-74.00547894
5998.09,40.73886293,-73.9034648
6001.01,40.73859567,-73.94095093
6004.06,40.73947771,-73.97681428
6004.07,40.73815257,-73.97734964
6013.12,40.73794031,-73.98509766
6016.06,40.73730964,-73.91809835
6019.04,40.7380794,-73.95490704
6022.04,40.73721285,-73.99234929
6025.08,40.73830322,-73.92742782
6030.04,40.73783195,-73.99985502
6030.06,40.73935929,-73.99926051
6033.01,40.74016369,-73.93546239
6039.06,40.73929828,-74.00800982
6046.02,40.73913997,-73.97968721
6055.08,40.7382752,-73.98747194
6058.08,40.73941357,-73.92143126
6064.08,40.73970277,-73.99450986
6067.01,40.74037176,-73.92903625
6072.06,40.73903797,-74.00255601
6072.11,40.74095712,-74.00166338
6072.14,40.73944787,-74.00501559
6072.16,40.73941321,-74.0050492
6076.02,40.74131745,-73.93800874
6079.03,40.74144024,-73.97536059
6089.07,40.74026993,-73.98406798
6089.08,40.74148563,-73.9832594
6089.11,40.7406604,-73.98156419
6092.01,40.7409002,-73.91717707
6098.02,40.73979032,-73.99101499
6098.1,40.73994639,-73.98953273
6098.12,40.73868493,-73.98982497
6101.11,40.73982479,-73.92418398
6107.08,40.74054892,-73.99846922
6108.03,40.74187295,-73.89618722
6110.01,40.7410909,-73.93142306
6115.06,40.74009364,-74.00519747
6115.09,40.74272579,-74.00735673
6116.03,40.74088412,-73.90273098
6122.09,40.74170926,-73.97806077
6128.04,40.74242769,-73.94885673
6131.12,40.74264443,-73.98665301
6131.13,40.74272535,-73.98464089
6134.03,40.74233809,-73.91811314
6134.13,40.7411664,-73.92120895
6137.04,40.74235716,-73.95663277
6140.05,40.7417082,-73.99408919
6141.02,40.74295583,-73.8931183
6143.01,40.74221036,-73.9293493
6143.05,40.74198988,-73.9265414
6148.02,40.74178591,-74.00141199
6149.02,40.7432913,-73.89937266
6151.03,40.74297612,-73.93568122
6157.04,40.74195804,-74.00827767
6158.02,40.7419652,-73.90913161
6158.06,40.74332981,-73.90820178
6164.09,40.743111,-73.98212052
6167.03,40.74290276,-73.91420329
6170.02,40.74230174,-73.954146
6173.08,40.74284944,-73.98914059
6176.11,40.74359008,-73.92432997
6179.07,40.74337787,-73.9595663
6182.02,40.74235947,-73.99719225
6183.03,40.74278048,-73.89579832
6185.04,40.74295066,-73.93228686
6185.07,40.74435743,-73.93172413
6190.08,40.74316798,-74.00357727
6191.04,40.74254568,-73.90296504
6191.06,40.74508561,-73.90380729
6197.02,40.7429251,-73.97703163
6197.08,40.74324663,-73.9745523
6200.03,40.74448804,-73.91168425
6203.02,40.74522286,-73.94733174
6206.08,40.74442781,-73.98300756
6209.05,40.7445732,-73.91757773
6209.08,40.74365752,-73.9188378
6212.04,40.74429847,-73.95589495
6212.08,40.74489584,-73.95345465
6215.04,40.7439366,-73.99138703
6215.07,40.74522626,-73.99055927
6218.04,40.74424502,-73.92622585
6224.03,40.74474866,-73.99912575
6224.05,40.74346556,-74.00002068
6224.06,40.74588168,-73.99801746
6225.03,40.7444944,-73.8976648
6227.02,40.74455342,-73.93543573
6230.04,40.7442144,-73.97122699
6233.05,40.74331057,-74.00675035
6234.01,40.74574139,-73.90750985
6234.04,40.74514489,-73.90486008
6237.01,40.74364402,-73.94183118
6242.1,40.74451631,-73.914368
6247.06,40.74668188,-73.99387845
6248.06,40.74513287,-73.98682204
6251.06,40.74537216,-73.92220646
6254.06,40.74505536,-73.95753008
6257.03,40.74492107,-73.99521218
6258.03,40.74481988,-73.8941765
6260.04,40.74404596,-73.92916566
6266.06,40.74544606,-74.00190122
6267.08,40.74578765,-73.8992297
6276.02,40.74651937,-73.90892939
6276.05,40.74558073,-73.91005662
6280.12,40.74566817,-73.98193132
6283.05,40.74608487,-73.91640999
6286.02,40.74732287,-73.95453048
6289.06,40.74622083,-73.98849401
6292.03,40.74554635,-73.92427866
6297.07,40.7479656,-73.9965619
6297.08,40.74646004,-73.99722113
6298.04,40.74688187,-73.89654902
6300.04,40.74649233,-73.93222384
6303.01,40.74714174,-73.97115056
6306.01,40.74565274,-74.00499862
6306.06,40.74688649,-74.00441733
6307.07,40.7471527,-73.90299596
6310.06,40.74847,-73.94130087
6313.1,40.7475743,-73.97882941
6316.05,40.74785705,-73.91222534
6319.01,40.74706676,-73.94977471
6319.07,40.74737087,-73.947826
6322.01,40.74763123,-73.98482178
6325.01,40.74692671,-73.9209229
6331.01,40.74908906,-73.99155185
6334.03,40.7470747,-73.92903362
6339.06,40.7478216,-74.00051758
6340.09,40.74895004,-73.89984514
6345.08,40.74803729,-73.97390528
6349.03,40.74817577,-73.90724323
6352.01,40.74713971,-73.94328047
6358.05,40.74995578,-73.91553084
6361.03,40.74969052,-73.95205485
6364.07,40.74896828,-73.98845123
6364.1,40.74958246,-73.98799202
6373.07,40.74955633,-73.9951026
6379.03,40.7500022,-73.96907577
6382.05,40.74969316,-74.00287275
6383.02,40.74957247,-73.9025654
6389.09,40.74947369,-73.97724226
6392.02,40.74900127,-73.90943506
6395.01,40.75047286,-73.94592944
6398.06,40.75037365,-73.98336987
6398.08,40.7484163,-73.98259135
6401.01,40.75015114,-73.92002271
6401.03,40.74949088,-73.91839612
6416.06,40.75006598,-73.99833097
6417.04,40.75050739,-73.89794577
6417.11,40.74938884,-73.89761735
6422.08,40.75023423,-73.9711926
6422.09,40.75114587,-73.97151394
6425.04,40.75133597,-74.00515951
6426.05,40.7504874,-73.90512701
6429.01,40.75106157,-73.94083119
6432.1,40.75199427,-73.97957481
6432.11,40.7506872,-73.97829388
6435.02,40.75145965,-73.91516975
6435.03,40.75008453,-73.91354849
6438.04,40.75191147,-73.94800238
6441.01,40.75092773,-73.98748668
6441.02,40.75148474,-73.9873787
6441.06,40.75216885,-73.98765695
6450.05,40.7505332,-73.99462813
6450.12,40.7515471,-73.99381975
6453.02,40.75234915,-73.92999182
6459.04,40.7506289,-74.00169732
6459.07,40.75263836,-74.00227993
6460.06,40.75226444,-73.90012422
6462.05,40.75374173,-73.93811052
6462.19,40.75098655,-73.93812222
6464.08,40.75250618,-73.97280213
6464.09,40.75258923,-73.97496341
6468.01,40.75096846,-73.90799625
6471.02,40.75325818,-73.94346922
6474.11,40.75203077,-73.98156848
6483.06,40.75215562,-73.98948121
6486.07,40.7523952,-73.92540342
6492.04,40.75368867,-73.9992661
6495.17,40.75192447,-73.93354145
6498.09,40.75207295,-73.96790671
6498.1,40.75320402,-73.97036137
6502.01,40.75320487,-73.90612231
6505.09,40.75248652,-73.94000694
6511.03,40.75349919,-73.91245364
6514.08,40.75527492,-73.94854365
6517.08,40.75489812,-73.98452751
6520.06,40.75414556,-73.9196608
6520.07,40.75305172,-73.92069717
6526.01,40.752727,-73.99276847
6526.05,40.75450141,-73.99170769
6529.02,40.75297852,-73.92807451
6532.06,40.75450807,-73.96596656
6535.04,40.75516782,-74.00055281
6536.02,40.75419378,-73.90051927
6538.11,40.75457333,-73.93383132
6541.03,40.75451788,-73.97190862
6545.07,40.75419587,-73.90913816
6551.02,40.75493821,-73.98017788
6551.11,40.75352548,-73.97899103
6554.05,40.75384845,-73.91520191
6560.01,40.75506379,-73.98659652
6560.14,40.75481828,-73.98812652
6560.15,40.75296607,-73.98726706
6563.12,40.75569385,-73.92371015
6566.01,40.7536858,-73.95859797
6569.07,40.75455122,-73.99509607
6569.08,40.75464264,-73.99724181
6569.09,40.75413247,-73.99602601
6572.08,40.75648541,-73.92961917
6575.03,40.75527861,-73.96763079
6578.01,40.75590466,-74.00202812
6579.03,40.75542168,-73.90410242
6581.14,40.75630426,-73.93648211
6584.12,40.75501277,-73.97495235
6587.04,40.7553126,-73.91171894
6593.14,40.75516947,-73.98306132
6593.15,40.75695402,-73.98258707
6596.1,40.75478312,-73.91730332
6599.01,40.75723111,-73.95362809
6602.03,40.75637419,-73.98992584
6602.05,40.75757221,-73.99090089
6605.08,40.75687837,-73.92636964
6608.09,40.75624186,-73.96422126
6611.02,40.75656295,-73.9978232
6611.07,40.7566777,-73.99962829
6614.01,40.75714376,-73.93276339
6617.02,40.75754148,-73.96934675
6617.09,40.75825557,-73.97071098
6621.06,40.75737484,-73.90482249
6626.01,40.75717848,-73.9779731
6626.11,40.75770396,-73.97927888
6629.06,40.75568893,-73.91285746
6638.01,40.75688897,-73.92177421
6644.07,40.75888769,-73.99374742
6644.08,40.75636772,-73.99399378
6650.07,40.75792315,-73.96604659
6654.05,40.75778358,-73.90198859
6656.05,40.75754788,-73.93921546
6659.01,40.75708089,-73.97209203
6659.03,40.75960918,-73.97398765
6659.09,40.75854962,-73.97504203
6659.1,40.75728455,-73.9742618
6662.01,40.75802137,-73.90992043
6662.09,40.75770977,-73.90779488
6664.05,40.7574279,-73.94521428
6667.04,40.75833467,-73.98259469
6670.03,40.7577412,-73.91668293
6676.02,40.75928815,-73.98857697
6679.11,40.75791417,-73.92447877
6682.03,40.75886343,-73.96231241
6682.08,40.75905788,-73.95926172
6688.01,40.75942719,-73.93231074
6691.11,40.75926023,-73.9675993
6700.01,40.75974722,-73.9765039
6700.14,40.75965509,-73.97815341
6703.06,40.7607023,-73.91128475
6708.04,40.76015292,-73.98479978
6711.13,40.75900597,-73.91910942
6717.06,40.76014871,-73.99120956
6720.07,40.75945824,-73.92721859
6723.1,40.75904088,-73.96271538
6726.01,40.76022278,-73.99871147
6729.02,40.76005167,-73.93643802
6732.01,40.76149827,-73.97270435
6735.03,40.76007431,-73.90735348
6737.03,40.76134337,-73.94124072
6740.01,40.76129958,-73.97988757
6740.1,40.76048712,-73.98045447
6743.06,40.75959964,-73.91450833
6747.06,40.76217401,-73.98786935
6747.07,40.76166332,-73.98644993
6750.16,40.76021745,-73.92243134
6753.08,40.76117927,-73.96095419
6756.01,40.76002408,-73.99452012
6756.05,40.76189975,-73.99686705
6759.15,40.76107574,-73.9306929
6762.02,40.760903,-73.96727047
6762.04,40.76304953,-73.96536052
6765.01,40.7608565,-74.00269838
6766.03,40.76245163,-73.90263645
6771.13,40.76176946,-73.97730936
6774.13,40.76128539,-73.90965093
6779.04,40.76221294,-73.98336932
6779.05,40.76336104,-73.98256386
6782.01,40.76112241,-73.91715361
6786.02,40.76144617,-73.98999997
6789.04,40.76152508,-73.92602867
6795.01,40.76336295,-73.99658403
6798.01,40.76274675,-73.93440817
6801.01,40.76342844,-73.97111705
6804.01,40.76449015,-73.90465308
6806.06,40.76310582,-73.93998553
6809.07,40.76334171,-73.97725254
6809.09,40.76310633,-73.97848328
6812.06,40.76333702,-73.91426063
6814.01,40.76386276,-73.94786377
6816.07,40.76363757,-73.98511155
6819.15,40.76309395,-73.92094522
6822.09,40.76488927,-73.95823641
6824.07,40.76261287,-73.99295636
6827.11,40.76329638,-73.92871605
6830.02,40.76388952,-73.96459135
6836.07,40.76388379,-73.93646815
6839.04,40.76297633,-73.97211621
6839.1,40.76433159,-73.97372308
6842.02,40.76326496,-73.90901575
6847.02,40.76508525,-73.98195241
6847.05,40.76397381,-73.98093186
6850.01,40.76399652,-73.91607231
6854.05,40.76354161,-73.98910748
6857.09,40.76467123,-73.92407734
6860.12,40.76464521,-73.96230902
6865.03,40.76590316,-73.93088948
6873.01,40.76528052,-73.93994446
6876.04,40.76588476,-73.97634209
6879.04,40.76398856,-73.91097478
6884.03,40.76582722,-73.98312
6887.03,40.76542273,-73.91830526
6889.12,40.76657789,-73.95355885
6890.01,40.7665434,-73.99056836
6890.06,40.76468329,-73.99189959
6893.1,40.76569362,-73.92667906
6896.16,40.76706544,-73.96229835
6901.01,40.76660992,-73.93494208
6904.06,40.76636197,-73.97146249
6907.03,40.76565081,-73.9069232
6912.01,40.76664826,-73.97908855
6915.02,40.76547381,-73.91382032
6920.03,40.76580581,-73.98682198
6923.2,40.76745002,-73.92109525
6925.09,40.7686295,-73.95849624
6926.01,40.76727097,-73.99395355
6927.03,40.76832969,-73.89385123
6929.01,40.76663188,-73.92865982
6932.14,40.76760866,-73.96589144
6932.15,40.76883791,-73.96697467
6935.01,40.76905715,-73.90135607
6937.07,40.76711682,-73.93742919
6943.07,40.76754646,-73.91123592
6948.1,40.76683442,-73.98170197
6951.03,40.76701228,-73.9172192
6953.08,40.76890473,-73.95480114
6955.01,40.76814103,-73.98861728
6955.05,40.76824285,-73.99251098
6958.06,40.76862964,-73.92508185
6960.1,40.76866576,-73.96126798
6964.05,40.76815774,-73.89646419
6966.04,40.76812324,-73.93236405
6969.08,40.76799107,-73.96848482
6981.16,40.77000701,-73.91236467
6989.07,40.76982409,-73.91871921
6991.12,40.77104905,-73.95775375
6994.06,40.76854215,-73.89127149
6996.01,40.77036035,-73.92873396
6998.08,40.77116558,-73.96414505
7003.06,40.76909557,-73.93559071
7009.02,40.7710815,-73.90826672
7009.06,40.7695331,-73.90627055
7014.12,40.77000287,-73.9819823
7018.01,40.77102372,-73.91710681
7020.02,40.77089541,-73.95358082
7023.04,40.77041726,-73.98797505
7026.08,40.7711913,-73.92470999
7028.04,40.76989382,-73.9606134
7032.02,40.77006197,-73.89386885
7032.06,40.77212253,-73.89516597
7034.09,40.77159282,-73.93170703
7039.03,40.77114384,-73.90406585
7047.07,40.77271064,-73.91152792
7049.04,40.77237744,-73.94689638
7052.01,40.77150281,-73.98253475
7057.07,40.7726234,-73.95586614
7059.01,40.77134028,-73.9903752
7059.08,40.77227324,-73.98996482
7060.02,40.77088868,-73.88989931
7062.07,40.77258066,-73.92765463
7066.01,40.77291568,-73.89695847
7068.07,40.77254093,-73.93272943
7074.01,40.77258228,-73.9064914
7079.06,40.77331151,-73.97782012
7082.14,40.77316569,-73.9141679
7084.12,40.77283163,-73.94991717
7092.06,40.77305887,-73.95864593
7098.05,40.77388986,-73.93093621
7100.07,40.77276824,-73.96688303
7111.1,40.774115,-73.90868023
7113.08,40.77512496,-73.94449465
7116.04,40.77483496,-73.98260974
7119.04,40.7727934,-73.91629395
7121.13,40.77368633,-73.95208375
7123.04,40.77500932,-73.98905452
7126.01,40.77457306,-73.92377556
7128.08,40.77369611,-73.96225507
7132.08,40.77472604,-73.93429357
7137.04,40.77465374,-73.90404463
7141.07,40.77569961,-73.97618682
7144.01,40.77464299,-73.91278252
7144.02,40.77608726,-73.91067036
7146.04,40.77532796,-73.9480906
7149.05,40.77453869,-73.98465011
7152.1,40.7745594,-73.91858279
7154.07,40.77566995,-73.95679749
7159.08,40.77657583,-73.92773375
7161.08,40.77630259,-73.96427885
7163.07,40.77506829,-73.90060124
7170.04,40.77665408,-73.9066691
7175.05,40.77695243,-73.97893689
7178.02,40.77585175,-73.91576954
7180.02,40.77552378,-73.95075357
7183.03,40.77748344,-73.98883141
7186.15,40.77743106,-73.92263299
7188.1,40.77669154,-73.95910642
7188.13,40.77774663,-73.96090605
7196.04,40.7769623,-73.90266978
7202.07,40.77800806,-73.90863429
7204.08,40.77790723,-73.94614531
7207.08,40.77737045,-73.98287516
7210.07,40.77839675,-73.91927695
7212.05,40.77788412,-73.95419285
7220.01,40.77809489,-73.89957886
7233.05,40.77860785,-73.91464103
7235.13,40.77815379,-73.94886968
7243.04,40.77857987,-73.95777376
7253.04,40.77884354,-73.97374789
7260.09,40.77952152,-73.9808672
7265.1,40.78047462,-73.95229167
7271.01,40.77967,-73.92318353
7281.09,40.78008722,-73.97728236
7284.01,40.7803066,-73.9125012
7286.01,40.78100278,-73.94977095
7286.02,40.78240777,-73.94897892
7286.05,40.78164395,-73.94600258
7288.04,40.78052106,-73.9855888
7291.06,40.78124687,-73.91856078
7293.1,40.78118705,-73.95603494
7304.08,40.78265481,-73.97138254
7311.02,40.78281519,-73.97859096
7311.07,40.78317686,-73.98083428
7314.03,40.78238188,-73.91468349
7323.09,40.78226856,-73.95991803
7327.01,40.78291815,-73.93087974
7338.02,40.78388999,-73.94720163
7340.06,40.78411429,-73.98352918
7340.07,40.78382581,-73.9816466
7342.01,40.78389612,-73.91700241
7354.01,40.78469869,-73.96985266
7360.1,40.78515908,-73.97664123
7363.04,40.78389949,-73.91238268
7365.08,40.78575295,-73.94863292
7365.13,40.78470963,-73.95065844
7372.1,40.7856974,-73.95753075
7382.04,40.78483307,-73.97278318
7388.1,40.78711664,-73.98125056
7391.02,40.7858645,-73.91538789
7393.09,40.78765426,-73.95359376
7407.13,40.78690994,-73.94169233
7409.08,40.78665274,-73.97712608
7414.17,40.78766738,-73.94731252
7432.04,40.78992199,-73.97281846
7432.09,40.78804061,-73.97043687
7436.11,40.78900261,-73.94383463
7443.01,40.78932507,-73.95242937
7443.17,40.7878739,-73.95217203
7450.05,40.79490572,-73.93339789
7453.01,40.78850508,-73.96677209
7456.03,40.78907628,-73.93964951
7458.03,40.78829292,-73.9746912
7463.09,40.79016524,-73.94758595
7482.15,40.79049174,-73.94197246
7484.05,40.78950843,-73.97753692
7488.24,40.79040674,-73.95035531
7502.01,40.79197066,-73.97391538
7504.18,40.79172259,-73.94610243
7511.19,40.7921917,-73.95257222
7514.01,40.79320521,-73.92393385
7520.07,40.7918635,-73.96809132
7522.02,40.79223554,-73.93837583
7524.09,40.79400451,-73.97409787
7524.16,40.79295594,-73.97696557
7528.31,40.79342179,-73.94944957
7538.14,40.7948786,-73.96455643
7538.18,40.79242561,-73.96416496
7540.02,40.79445818,-73.93633944
7541.01,40.79366408,-73.97186573
7543.15,40.79540583,-73.94179279
7563.06,40.7968206,-73.93732447
7567.06,40.79526096,-73.94422307
7571.01,40.79545136,-73.91913715
7577.27,40.79549386,-73.96190017
7579.01,40.7973236,-73.93133048
7579.11,40.79647943,-73.93470495
7580.01,40.7972346,-73.970372
7587.16,40.79743425,-73.94902515
7595.17,40.79682784,-73.96435164
7599.02,40.79887331,-73.94486821
7599.09,40.79778558,-73.94241033
7602.05,40.79877604,-73.95229522
7606.01,40.79804269,-73.96061322
7610.13,40.7988186,-73.96647136
7611.02,40.7990908,-73.93901904
7613.04,40.80044265,-73.91102979
7617.07,40.79942883,-73.9556423
7618.01,40.80040046,-73.92410403
7619.05,40.79959833,-73.96213084
7622.12,40.80052246,-73.93507771
7623.13,40.80117988,-73.97112107
7625.18,40.80052541,-73.94199462
7626.02,40.80078956,-73.91414534
7627.1,40.80115603,-73.95011275
7631.23,40.80151264,-73.95718423
7634.01,40.80063845,-73.96642452
7636.05,40.80277671,-73.93792217
7639.06,40.8015866,-73.90970699
7640.04,40.80132419,-73.94438072
7642.04,40.8026819,-73.91763958
7643.18,40.80244179,-73.95326229
7646.04,40.80253754,-73.96292259
7648.16,40.80237058,-73.93367358
7650.05,40.80183151,-73.9682062
7652.04,40.80127941,-73.93983232
7654.04,40.80419652,-73.91168504
7655.22,40.80226183,-73.94924238
7657.03,40.80337397,-73.91984354
7658.13,40.80375453,-73.95592216
7662.13,40.80561516,-73.93643387
7667.04,40.8028748,-73.9430202
7669.1,40.80550494,-73.91495209
7670.09,40.80419888,-73.95154303
7680.03,40.804089,-73.96696179
7682.01,40.80432229,-73.93980266
7685.14,40.80391161,-73.94599715
7687.05,40.80503227,-73.91912948
7688.12,40.80505027,-73.95474824
7691.05,40.80550821,-73.92533643
7692.11,40.8064328,-73.96071785
7696.07,40.80575667,-73.93396349
7701.21,40.80716322,-73.94185699
7703.14,40.8069042,-73.91222335
7704.04,40.80773144,-73.94940027
7707.08,40.80733138,-73.91919864
7712.04,40.80728524,-73.92734195
7712.06,40.80857307,-73.92874842
7713.01,40.80560403,-73.96495954
7713.11,40.80776369,-73.96428392
7716.19,40.80635537,-73.93618713
7719.13,40.80716112,-73.90844476
7720.03,40.80831638,-73.94527906
7722.06,40.80854551,-73.916251
7723.01,40.80955911,-73.95315374
7726.02,40.80825751,-73.92376616
7727.07,40.80803888,-73.95980282
7735.05,40.80989577,-73.93981944
7735.23,40.80713935,-73.93941597
7737.06,40.80886694,-73.91105332
7738.04,40.80935045,-73.94783618
7740.08,40.8095855,-73.91801028
7741.01,40.80989254,-73.95517007
7741.04,40.80992203,-73.95737434
7744.06,40.8107633,-73.92753324
7745.07,40.81079751,-73.96338154
7748.02,40.80988359,-73.93736274
7751.05,40.81142419,-73.90772939
7753.13,40.8106727,-73.94313054
7755.03,40.81110679,-73.91503985
7756.1,40.81132723,-73.95191757
7759.08,40.81089916,-73.92167943
7767.06,40.81252015,-73.90189669
7769.06,40.81191656,-73.93801231
7774.02,40.81202209,-73.94627766
7777.02,40.81154218,-73.91715738
7781.1,40.81257252,-73.92389259
7783.18,40.81183633,-73.96122927
7788.13,40.81179914,-73.90430945
7790.04,40.81292407,-73.94189866
7793.02,40.81390625,-73.91214672
7795.09,40.81246749,-73.94927256
7798.02,40.81215948,-73.92055769
7800.03,40.81307886,-73.95655094
7803.02,40.81268204,-73.92930161
7803.08,40.81315094,-73.93067764
7807.04,40.815121,-73.90004595
7809.13,40.8143419,-73.93615886
7812.01,40.8130399,-73.90946903
7814.01,40.81326447,-73.94526498
7816.14,40.81432442,-73.91543525
7818.17,40.81427927,-73.95333338
7820.05,40.81416535,-73.88565619
7821.01,40.81438985,-73.92509055
7823.03,40.81404945,-73.95907776
7830.03,40.81400665,-73.90430305
7832.04,40.81349292,-73.93936372
7835.1,40.81581415,-73.91202754
7837.3,40.81610414,-73.94828788
7840.05,40.8162812,-73.91970779
7840.11,40.81456374,-73.9185124
7842.16,40.8162637,-73.95430429
7844.05,40.81596661,-73.8919569
7845.06,40.81639746,-73.92823766
7849.1,40.81630269,-73.89658809
7851.04,40.81530894,-73.93584482
7853.01,40.81606713,-73.90825707
7855.03,40.81683939,-73.94233395
7858.02,40.81718498,-73.91477875
7860.08,40.81808877,-73.95095254
7863.03,40.81724947,-73.92310327
7865.09,40.81735192,-73.95712268
7867.04,40.81820042,-73.89415646
7868.05,40.8176992,-73.92970915
7870.02,40.81871061,-73.9022929
7872.03,40.8169828,-73.93894139
7876.07,40.81880013,-73.9448938
7879.01,40.8168091,-73.91741341
7881.09,40.81786481,-73.95539053
7883.06,40.81641531,-73.888457
7883.09,40.81872858,-73.88867475
7884.04,40.81795709,-73.92549202
7886.02,40.81816517,-73.96043095
7888.1,40.81997905,-73.89729309
7891.06,40.81783931,-73.90533496
7893.05,40.81892812,-73.94112365
7896.11,40.81975946,-73.91264104
7898.03,40.81829646,-73.94765234
7901.04,40.81976566,-73.92167234
7903.02,40.81880565,-73.95620092
7905.05,40.81886627,-73.89040109
7906.13,40.8197875,-73.9290587
7909.07,40.81970617,-73.90132557
7910.01,40.81965754,-73.93654613
7910.1,40.82100112,-73.93596606
7913.15,40.81968266,-73.90871989
7915.11,40.8204843,-73.94525497
7918.12,40.81957218,-73.91623127
7920.05,40.81903243,-73.95189694
7922.01,40.82039456,-73.8887007
7925.04,40.82001877,-73.95906285
7927.08,40.82114181,-73.89527394
7931.05,40.81987124,-73.90421303
7932.1,40.82062982,-73.93929858
7935.07,40.82068094,-73.91176049
7937.15,40.82095595,-73.94785233
7940.02,40.8203893,-73.91773254
7940.04,40.82093398,-73.9175468
7942.07,40.82128752,-73.95370117
7942.21,40.82286305,-73.95589855
7945.07,40.82233714,-73.92692049
7948.1,40.82181357,-73.89703852
7952.02,40.82160157,-73.90795226
7954.12,40.82282679,-73.94200558
7957.11,40.82221404,-73.91476525
7959.18,40.82179553,-73.95159482
7962.01,40.82296235,-73.92336216
7966.02,40.82387065,-73.89439159
7967.04,40.82213005,-73.92900592
7970.05,40.82219261,-73.90217677
7971.07,40.82264086,-73.93745535
7974.01,40.82366312,-73.90889121
7976.08,40.82335642,-73.94385638
7979.17,40.82468823,-73.91658773
7981.16,40.82402517,-73.95202908
7981.27,40.82349526,-73.9548314
7983.02,40.82315125,-73.88793473
7983.04,40.82534887,-73.88792891
7984.04,40.82316945,-73.92488432
7987.14,40.82380409,-73.89766224
7991.01,40.82476948,-73.90256521
7992.04,40.82475015,-73.94177749
7995.04,40.82377704,-73.91115411
7997.08,40.82492965,-73.94724711
8000.02,40.82356452,-73.91958677
8004.03,40.8247547,-73.89217096
8005.03,40.82538669,-73.92744736
8005.08,40.82417323,-73.92825942
8008.03,40.82609973,-73.89926791
8009.05,40.82493873,-73.93637409
8012.04,40.8267462,-73.90785321
8013.07,40.8270297,-73.9428377
8016.07,40.8255541,-73.91574239
8018.04,40.82711856,-73.95192963
8018.09,40.82622663,-73.94991342
8020.01,40.82750315,-73.88691397
8021.11,40.82712447,-73.92279393
8024.05,40.8268292,-73.89412175
8025.01,40.82654885,-73.92934337
8029.28,40.82602388,-73.93810434
8033.09,40.826877,-73.9459203
8036.05,40.82713773,-73.91774199
8040.03,40.82669559,-73.88885828
8041.07,40.82777216,-73.92718279
8044.09,40.82715278,-73.89677454
8048.01,40.82877271,-73.9055131
8048.04,40.82779847,-73.90416165
8049.05,40.82657008,-73.94155006
8049.1,40.82812351,-73.94290563
8052.01,40.82890789,-73.91137881
8052.02,40.82810896,-73.91293412
8054.04,40.82888529,-73.95037252
8057.02,40.82917553,-73.92163221
8060.01,40.83006529,-73.89220626
8061.01,40.83030721,-73.92856713
8064.03,40.82979321,-73.89909247
8065.13,40.82909927,-73.93689122
8068.01,40.82959268,-73.9078366
8069.01,40.82900047,-73.94435603
8072.06,40.83117579,-73.91754395
8076.08,40.83034265,-73.88670481
8077.07,40.83024397,-73.92339351
8080.01,40.83042426,-73.89482172
8081.01,40.82964014,-73.93090626
8084.03,40.83012587,-73.90495066
8085.05,40.83025459,-73.94144034
8085.09,40.83156976,-73.94124118
8085.13,40.83017252,-73.939938
8088.01,40.83091641,-73.91124666
8089.05,40.83104977,-73.94669062
8092.06,40.831826,-73.91965711
8095.06,40.83155587,-73.89057642
8096.02,40.83136862,-73.92626712
8096.03,40.83167416,-73.92733618
8099.04,40.83152635,-73.89723021
8100.01,40.83006623,-73.93670195
8103.05,40.83228806,-73.90555898
8104.1,40.83183264,-73.94255947
8107.1,40.83149645,-73.91503586
8108.02,40.83192687,-73.94979069
8110.04,40.83247862,-73.88572112
8111.04,40.83154552,-73.92234807
8111.07,40.83379288,-73.92255079
8114.02,40.83186764,-73.89289203
8115.01,40.83254726,-73.92954029
8118.02,40.83130947,-73.90246029
8119.05,40.83318046,-73.93949974
8122.04,40.83338496,-73.90934743
8123.02,40.83255091,-73.94606806
8126.07,40.83409767,-73.91776057
8129.02,40.83389818,-73.88974058
8130.02,40.83261832,-73.92509272
8133.08,40.83290656,-73.89705582
8137.06,40.83476645,-73.90377962
8138.07,40.83430979,-73.93993405
8141.05,40.8346714,-73.91233953
8144.09,40.83608558,-73.88468789
8145.03,40.83377279,-73.92116784
8149.09,40.83433969,-73.92838893
8152.03,40.83528273,-73.9016588
8153.1,40.83580755,-73.93752158
8156.01,40.83705066,-73.9083637
8156.03,40.83578666,-73.90755096
8157.06,40.83515276,-73.94368572
8160.03,40.83492675,-73.91571899
8163.05,40.83643377,-73.88838565
8167.02,40.83511894,-73.89532176
8167.04,40.83578352,-73.89347718
8171.06,40.83683244,-73.90250538
8172.07,40.83584728,-73.93984496
8175.06,40.83721528,-73.9106484
8179.03,40.83631142,-73.91841452
8182.02,40.83659437,-73.89089453
8183.02,40.83864611,-73.9268577
8183.08,40.83631133,-73.92632901
8186.01,40.83903454,-73.8992588
8187.04,40.83749998,-73.9361781
8190.03,40.83827469,-73.90593733
8191.01,40.83872515,-73.94152798
8194.06,40.83907639,-73.91324144
8194.07,40.83788975,-73.91256099
8196.02,40.83934114,-73.88661774
8198.05,40.8388934,-73.92255923
8205.05,40.83934282,-73.90050399
8206.17,40.83910392,-73.93712832
8209.01,40.83886941,-73.91104321
8210.01,40.83896539,-73.94544509
8213.01,40.84028732,-73.91804333
8216.02,40.83898046,-73.88903947
8218.04,40.83862531,-73.92600734
8225.05,40.8398374,-73.90555545
8226.05,40.83980331,-73.94292282
8226.06,40.84059974,-73.93979353
8226.07,40.84141378,-73.94204264
8229.04,40.8402915,-73.9115845
8233.01,40.84030105,-73.91923922
8236.01,40.8409585,-73.89263252
8241.07,40.84204396,-73.89874234
8242.04,40.84144746,-73.93518205
8245.03,40.84231108,-73.90865454
8249.1,40.84041373,-73.91526285
8254.01,40.84204745,-73.92603855
8262.07,40.84277358,-73.93876053
8265.09,40.84286971,-73.91178465
8269.01,40.84395341,-73.91725769
8277.03,40.84310202,-73.9002132
8278.05,40.84373646,-73.93375467
8281.06,40.84310154,-73.90501839
8285.09,40.84461164,-73.91213814
8285.11,40.84531938,-73.91440682
8290.01,40.84359649,-73.92117439
8299.03,40.84599702,-73.93769593
8303.06,40.84616522,-73.90938259
8307.05,40.84547107,-73.91730612
8316.02,40.8465375,-73.93337432
8319.01,40.84632044,-73.90390199
8320.01,40.84511064,-73.94052332
8323.05,40.84729871,-73.91144341
8327.15,40.8458171,-73.9197515
8336.02,40.84819308,-73.93604291
8340.05,40.84665813,-73.90752742
8344.04,40.84815884,-73.91607681
8344.09,40.84927735,-73.91639758
8348.02,40.84743511,-73.92219745
8353.02,40.84707896,-73.93128631
8353.09,40.8490699,-73.93033332
8356.02,40.84734937,-73.90216073
8356.04,40.84857232,-73.90341076
8358.03,40.8494659,-73.93832055
8358.1,40.84812584,-73.94129533
8362.02,40.84829049,-73.90972162
8362.09,40.8500208,-73.9107562
8366.06,40.84901072,-73.91948805
8366.07,40.84826382,-73.91835583
8379.07,40.85071529,-73.90654832
8381.04,40.85123178,-73.9419555
8384.03,40.85003359,-73.91274953
8394.15,40.85046504,-73.92908653
8397.02,40.8503304,-73.90147124
8399.06,40.85208372,-73.93788933
8403.02,40.85161947,-73.90903714
8407.03,40.851429,-73.91666431
8416.07,40.85221589,-73.93447805
8416.1,40.85184816,-73.9313436
8425.01,40.85353658,-73.91259852
8428.04,40.85348199,-73.9208839
8428.05,40.85258029,-73.91860879
8432.11,40.85318737,-73.92715766
8435.04,40.85348683,-73.89974293
8441.01,40.85272449,-73.9057322
8441.05,40.85336106,-73.90881121
8453.14,40.85429049,-73.92963109
8456.02,40.85400942,-73.90341668
8458.03,40.85488214,-73.93803071
8462.09,40.85501697,-73.91062266
8465.01,40.85442464,-73.91702053
8469.05,40.8549346,-73.92735922
8472.06,40.85661663,-73.89839072
8472.08,40.85517159,-73.8963561
8474.02,40.85645604,-73.93297105
8478.11,40.85547902,-73.90566355
8483.02,40.85458802,-73.91312899
8491.07,40.85629659,-73.92716208
8494.01,40.856402,-73.90271462
8494.06,40.85547299,-73.89974538
8496.01,40.85675983,-73.93576487
8500.01,40.85601164,-73.9073993
8507.02,40.85852454,-73.92340956
8510.02,40.85799567,-73.89651219
8511.08,40.85737895,-73.93222904
8514.05,40.85813543,-73.90284852
8520.01,40.85819957,-73.91020255
8528.05,40.86000054,-73.92847261
8532.03,40.8589722,-73.93393055
8535.01,40.85810687,-73.90637036
8535.09,40.86043472,-73.90596846
8539.02,40.85951492,-73.91333348
8543.01,40.86126023,-73.9214518
8546.06,40.86160993,-73.89504651
8547.04,40.86170019,-73.92990689
8550.01,40.86080268,-73.90254734
8550.04,40.85955732,-73.90113503
8555.05,40.85981513,-73.90972212
8559.04,40.86168765,-73.91858662
8563.06,40.86072906,-73.92568324
8566.05,40.86088524,-73.89891821
8571.02,40.86286419,-73.90314028
8575.02,40.86155233,-73.91220138
8579.03,40.86212835,-73.92099363
8579.05,40.86252345,-73.92271505
8579.09,40.86265261,-73.92005327
8582.02,40.86386989,-73.89248942
8582.09,40.86143435,-73.8912428
8583.02,40.86281738,-73.92705215
8586.09,40.86275694,-73.9011851
8590.01,40.8623809,-73.90749255
8597.01,40.86567394,-73.88795202
8601.04,40.86442199,-73.89525102
8605.06,40.86477824,-73.90251902
8613.09,40.86450834,-73.91862175
8615.01,40.86632552,-73.89057049
8616.06,40.86458445,-73.92817443
8619.02,40.86648646,-73.89799735
8624.01,40.86593212,-73.90431496
8631.03,40.8664361,-73.88639729
8632.07,40.86616083,-73.92265201
8635.08,40.86761674,-73.89291252
8636.04,40.86720394,-73.92943177
8639.01,40.86658255,-73.90202316
8643.01,40.86574377,-73.9085626
8646.02,40.8680715,-73.88158986
8647.1,40.86618775,-73.91763846
8649.03,40.86832826,-73.88860845
8650.11,40.86714124,-73.92650166
8653.09,40.86873008,-73.89656151
8655.02,40.86877405,-73.93151597
8664.06,40.86815385,-73.88417281
8665.02,40.86959212,-73.9208856
8665.09,40.86761235,-73.91967749
8667.01,40.86929357,-73.89163173
8676.01,40.8705716,-73.90683819
8679.03,40.86909862,-73.91510946
8682.06,40.86941934,-73.88618217
8696.05,40.87111543,-73.91149334
8699.01,40.87046438,-73.88194015
8703.05,40.87071327,-73.88895081
8707.01,40.87114146,-73.89747464
8711.02,40.87232418,-73.90706176
8715.01,40.87188286,-73.91302634
8715.06,40.87109488,-73.91431907
8717.07,40.87160413,-73.885058
8720.02,40.87102405,-73.89318333
8732.04,40.87293579,-73.91839627
8734.02,40.87248858,-73.88992324
8734.04,40.87317949,-73.88681784
8738.01,40.87326484,-73.89579404
8748.02,40.87409002,-73.88336449
8752.01,40.87407032,-73.8920802
8766.03,40.87502341,-73.88676044
8778.01,40.8763945,-73.88374623
8782.01,40.8770574,-73.88943077
8795.01,40.87890341,-73.88542206
8795.03,40.87753538,-73.88509219
8799.01,40.87749208,-73.8921627
8811.01,40.87993205,-73.88633696
8841.03,40.88187915,-73.88718932
